IMEI;NOME;CD/LOJA;CANAL
358212976149078;CAROLINA GOES DE SOUSA;SEDE CORP-COMPRAS SPECIALTY;4BIO
358212976149038;FABIANA ANDRADE RODRIGUES;SEDE CORP-COMPRAS SPECIALTY;4BIO
358212976141117;DOUGLAS RODRIGUES PEREIRA MACHADO;SEDE CORP-COMPRAS SPECIALTY;4BIO
353210503329953;ROS 338;EXPANSÃO;LOJA
353210503886012;Flavio Wierzbick;CD RS;DISTRIBUIÇÃO
353210503037330;ROS 12;LOJA;VAREJO
353210503296079;ROS 433;EXPANSÃO;VAREJO
353210503017633;DML 15;EXPANSÃO;VAREJO
35321050302935;enviados;LOJA;VAREJO
